{
  "timestamp_utc": "20260311T130353Z",
  "task": "videoauth",
  "selection_rule": "max_recall subject to validation FPR <= 0.01 and recall > 0",
  "fpr_target": 0.01,
  "selected_threshold": 0.9958050128176733,
  "infeasible": false,
  "validation_negatives": 90,
  "validation_fpr_resolution": 0.011111111111111112,
  "val_metrics": {
    "threshold": 0.9958050128176733,
    "support": 3157,
    "positives": 3067,
    "negatives": 90,
    "tn": 90,
    "fp": 0,
    "fn": 2786,
    "tp": 281,
    "accuracy": 0.11751662971175167,
    "precision": 1.0,
    "recall": 0.09162047603521356,
    "f1": 0.16786140979689368,
    "fpr": 0.0,
    "tpr": 0.09162047603521356,
    "auroc": 0.751577727058653,
    "auroc_inverted": 0.24842227294134697
  },
  "test_metrics": {
    "threshold": 0.9958050128176733,
    "support": 3171,
    "positives": 3069,
    "negatives": 102,
    "tn": 101,
    "fp": 1,
    "fn": 2820,
    "tp": 249,
    "accuracy": 0.11037527593818984,
    "precision": 0.996,
    "recall": 0.08113391984359726,
    "f1": 0.15004519433564326,
    "fpr": 0.00980392156862745,
    "tpr": 0.08113391984359726,
    "auroc": 0.7508641123441883,
    "auroc_inverted": 0.24913588765581177
  }
}