{
  "timestamp_utc": "20260311T130307Z",
  "task": "mismatch",
  "selection_rule": "max validation F1",
  "selected_threshold": 0.3565538121866553,
  "val_metrics": {
    "threshold": 0.3565538121866553,
    "support": 3157,
    "positives": 1493,
    "negatives": 1664,
    "tn": 1075,
    "fp": 589,
    "fn": 279,
    "tp": 1214,
    "accuracy": 0.7250554323725056,
    "precision": 0.6733222407099279,
    "recall": 0.8131279303415941,
    "f1": 0.7366504854368932,
    "fpr": 0.35396634615384615,
    "tpr": 0.8131279303415941,
    "auroc": 0.8166358873460766,
    "auroc_inverted": 0.18336411265392344
  },
  "test_metrics": {
    "threshold": 0.3565538121866553,
    "support": 3171,
    "positives": 1479,
    "negatives": 1692,
    "tn": 1114,
    "fp": 578,
    "fn": 304,
    "tp": 1175,
    "accuracy": 0.7218543046357616,
    "precision": 0.6702795208214489,
    "recall": 0.7944557133198107,
    "f1": 0.7271039603960396,
    "fpr": 0.3416075650118203,
    "tpr": 0.7944557133198107,
    "auroc": 0.8114333529939244,
    "auroc_inverted": 0.1885666470060756
  }
}