{
  "timestamp_utc": "20260311T133305Z",
  "task": "videoauth",
  "mode": "visual_only",
  "selection_rule": "max validation F1",
  "selected_threshold": 0.25196707547125996,
  "val_metrics": {
    "threshold": 0.25196707547125996,
    "support": 3157,
    "positives": 3067,
    "negatives": 90,
    "tn": 44,
    "fp": 46,
    "fn": 1,
    "tp": 3066,
    "accuracy": 0.9851124485270827,
    "precision": 0.9852185089974294,
    "recall": 0.9996739484838605,
    "f1": 0.9923935911959864,
    "fpr": 0.5111111111111111,
    "tpr": 0.9996739484838605,
    "auroc": 0.6668441836032315,
    "auroc_inverted": 0.33315581639676844
  },
  "test_metrics": {
    "threshold": 0.25196707547125996,
    "support": 3171,
    "positives": 3069,
    "negatives": 102,
    "tn": 50,
    "fp": 52,
    "fn": 2,
    "tp": 3067,
    "accuracy": 0.9829706717123936,
    "precision": 0.9833279897403013,
    "recall": 0.999348321928967,
    "f1": 0.9912734324499031,
    "fpr": 0.5098039215686274,
    "tpr": 0.999348321928967,
    "auroc": 0.6721053035094781,
    "auroc_inverted": 0.32789469649052194
  }
}