{
  "timestamp_utc": "20260311T133032Z",
  "task": "mismatch",
  "mode": "sync_only",
  "selection_rule": "max_recall subject to validation FPR <= 0.01 and recall > 0",
  "fpr_target": 0.01,
  "selected_threshold": 0.8917953991921537,
  "infeasible": false,
  "validation_negatives": 1664,
  "validation_fpr_resolution": 0.0006009615384615385,
  "val_metrics": {
    "threshold": 0.8917953991921537,
    "support": 3157,
    "positives": 1493,
    "negatives": 1664,
    "tn": 1648,
    "fp": 16,
    "fn": 1185,
    "tp": 308,
    "accuracy": 0.6195755464048147,
    "precision": 0.9506172839506173,
    "recall": 0.20629604822505024,
    "f1": 0.33902036323610346,
    "fpr": 0.009615384615384616,
    "tpr": 0.20629604822505024,
    "auroc": 0.8166358873460766,
    "auroc_inverted": 0.18336411265392344
  },
  "test_metrics": {
    "threshold": 0.8917953991921537,
    "support": 3171,
    "positives": 1479,
    "negatives": 1692,
    "tn": 1660,
    "fp": 32,
    "fn": 1149,
    "tp": 330,
    "accuracy": 0.6275622831914223,
    "precision": 0.9116022099447514,
    "recall": 0.2231237322515213,
    "f1": 0.358500814774579,
    "fpr": 0.018912529550827423,
    "tpr": 0.2231237322515213,
    "auroc": 0.8114333529939244,
    "auroc_inverted": 0.1885666470060756
  }
}