{
  "timestamp_utc": "20260311T133237Z",
  "task": "mismatch",
  "mode": "visual_sync",
  "selection_rule": "max_recall subject to validation FPR <= 0.01 and recall > 0",
  "fpr_target": 0.01,
  "selected_threshold": 0.8667016492719339,
  "infeasible": false,
  "validation_negatives": 1664,
  "validation_fpr_resolution": 0.0006009615384615385,
  "val_metrics": {
    "threshold": 0.8667016492719339,
    "support": 3157,
    "positives": 1493,
    "negatives": 1664,
    "tn": 1648,
    "fp": 16,
    "fn": 1083,
    "tp": 410,
    "accuracy": 0.6518847006651884,
    "precision": 0.9624413145539906,
    "recall": 0.27461486939048896,
    "f1": 0.4273058884835852,
    "fpr": 0.009615384615384616,
    "tpr": 0.27461486939048896,
    "auroc": 0.8212032755422742,
    "auroc_inverted": 0.17879672445772582
  },
  "test_metrics": {
    "threshold": 0.8667016492719339,
    "support": 3171,
    "positives": 1479,
    "negatives": 1692,
    "tn": 1664,
    "fp": 28,
    "fn": 1066,
    "tp": 413,
    "accuracy": 0.6549984232103437,
    "precision": 0.9365079365079365,
    "recall": 0.27924273157538876,
    "f1": 0.43020833333333336,
    "fpr": 0.016548463356973995,
    "tpr": 0.27924273157538876,
    "auroc": 0.815380256610674,
    "auroc_inverted": 0.18461974338932605
  }
}