{
  "timestamp_utc": "20260311T133032Z",
  "task": "mismatch",
  "mode": "sync_only",
  "positive_class": 1,
  "positive_semantics": "mismatch_proxy",
  "infile": "/mnt/scratch/users/40432309/fakeav_xception/results_preds_v2/ablation_v1/joined/joined_mismatch.jsonl.gz",
  "model_json": "/mnt/scratch/users/40432309/fakeav_xception/results_preds_v2/ablation_v1/models/mismatch/ablation_lr_sync_only.json",
  "predictions_jsonl_gz": "/mnt/scratch/users/40432309/fakeav_xception/results_preds_v2/ablation_v1/preds/ablation_preds_mismatch_sync_only.jsonl.gz",
  "split_counts": {
    "test": 3171,
    "train": 14106,
    "val": 3157
  },
  "threshold": 0.5,
  "score_direction": {
    "higher_score_means_more_likely_positive": true,
    "validation_auroc": 0.8166358873460766,
    "validation_auroc_inverted": 0.18336411265392344,
    "test_auroc": 0.8114333529939244,
    "test_auroc_inverted": 0.1885666470060756
  },
  "val_metrics": {
    "threshold": 0.5,
    "support": 3157,
    "positives": 1493,
    "negatives": 1664,
    "tn": 1340,
    "fp": 324,
    "fn": 496,
    "tp": 997,
    "accuracy": 0.7402597402597403,
    "precision": 0.7547312641937926,
    "recall": 0.667782987273945,
    "f1": 0.7085998578535891,
    "fpr": 0.19471153846153846,
    "tpr": 0.667782987273945,
    "auroc": 0.8166358873460766,
    "auroc_inverted": 0.18336411265392344
  },
  "test_metrics": {
    "threshold": 0.5,
    "support": 3171,
    "positives": 1479,
    "negatives": 1692,
    "tn": 1365,
    "fp": 327,
    "fn": 500,
    "tp": 979,
    "accuracy": 0.73919899085462,
    "precision": 0.7496171516079633,
    "recall": 0.6619337390128465,
    "f1": 0.7030520646319569,
    "fpr": 0.19326241134751773,
    "tpr": 0.6619337390128465,
    "auroc": 0.8114333529939244,
    "auroc_inverted": 0.1885666470060756
  }
}