{
  "timestamp_utc": "20260311T133305Z",
  "task": "videoauth",
  "mode": "visual_only",
  "positive_class": 1,
  "positive_semantics": "video_authenticity",
  "infile": "/mnt/scratch/users/40432309/fakeav_xception/results_preds_v2/ablation_v1/joined/joined_videoauth.jsonl.gz",
  "model_json": "/mnt/scratch/users/40432309/fakeav_xception/results_preds_v2/ablation_v1/models/videoauth/ablation_lr_visual_only.json",
  "predictions_jsonl_gz": "/mnt/scratch/users/40432309/fakeav_xception/results_preds_v2/ablation_v1/preds/ablation_preds_videoauth_visual_only.jsonl.gz",
  "split_counts": {
    "test": 3171,
    "train": 14106,
    "val": 3157
  },
  "threshold": 0.5,
  "score_direction": {
    "higher_score_means_more_likely_positive": true,
    "validation_auroc": 0.6668441836032315,
    "validation_auroc_inverted": 0.33315581639676844,
    "test_auroc": 0.6721053035094781,
    "test_auroc_inverted": 0.32789469649052194
  },
  "val_metrics": {
    "threshold": 0.5,
    "support": 3157,
    "positives": 3067,
    "negatives": 90,
    "tn": 45,
    "fp": 45,
    "fn": 5,
    "tp": 3062,
    "accuracy": 0.9841621792841305,
    "precision": 0.9855165754747345,
    "recall": 0.9983697424193022,
    "f1": 0.9919015225137674,
    "fpr": 0.5,
    "tpr": 0.9983697424193022,
    "auroc": 0.6668441836032315,
    "auroc_inverted": 0.33315581639676844
  },
  "test_metrics": {
    "threshold": 0.5,
    "support": 3171,
    "positives": 3069,
    "negatives": 102,
    "tn": 52,
    "fp": 50,
    "fn": 6,
    "tp": 3063,
    "accuracy": 0.9823399558498896,
    "precision": 0.983938323160938,
    "recall": 0.9980449657869013,
    "f1": 0.9909414428987383,
    "fpr": 0.49019607843137253,
    "tpr": 0.9980449657869013,
    "auroc": 0.6721053035094781,
    "auroc_inverted": 0.32789469649052194
  }
}