{
  "timestamp_utc": "20260311T133438Z",
  "task": "videoauth",
  "mode": "visual_sync",
  "selection_rule": "max validation F1",
  "selected_threshold": 0.25571431776076536,
  "val_metrics": {
    "threshold": 0.25571431776076536,
    "support": 3157,
    "positives": 3067,
    "negatives": 90,
    "tn": 43,
    "fp": 47,
    "fn": 2,
    "tp": 3065,
    "accuracy": 0.9844789356984479,
    "precision": 0.9848971722365039,
    "recall": 0.9993478969677209,
    "f1": 0.9920699142256029,
    "fpr": 0.5222222222222223,
    "tpr": 0.9993478969677209,
    "auroc": 0.8996268521537514,
    "auroc_inverted": 0.1003731478462486
  },
  "test_metrics": {
    "threshold": 0.25571431776076536,
    "support": 3171,
    "positives": 3069,
    "negatives": 102,
    "tn": 54,
    "fp": 48,
    "fn": 2,
    "tp": 3067,
    "accuracy": 0.9842321034374014,
    "precision": 0.9845906902086677,
    "recall": 0.999348321928967,
    "f1": 0.9919146183699871,
    "fpr": 0.47058823529411764,
    "tpr": 0.999348321928967,
    "auroc": 0.8968783342597385,
    "auroc_inverted": 0.10312166574026156
  }
}