{
  "timestamp_utc": "20260311T133438Z",
  "task": "videoauth",
  "mode": "visual_sync",
  "selection_rule": "max_recall subject to validation FPR <= 0.01 and recall > 0",
  "fpr_target": 0.01,
  "selected_threshold": 0.9936877775947502,
  "infeasible": false,
  "validation_negatives": 90,
  "validation_fpr_resolution": 0.011111111111111112,
  "val_metrics": {
    "threshold": 0.9936877775947502,
    "support": 3157,
    "positives": 3067,
    "negatives": 90,
    "tn": 90,
    "fp": 0,
    "fn": 2730,
    "tp": 337,
    "accuracy": 0.1352549889135255,
    "precision": 1.0,
    "recall": 0.10987936093902836,
    "f1": 0.19800235017626322,
    "fpr": 0.0,
    "tpr": 0.10987936093902836,
    "auroc": 0.8996268521537514,
    "auroc_inverted": 0.1003731478462486
  },
  "test_metrics": {
    "threshold": 0.9936877775947502,
    "support": 3171,
    "positives": 3069,
    "negatives": 102,
    "tn": 101,
    "fp": 1,
    "fn": 2763,
    "tp": 306,
    "accuracy": 0.1283506780195522,
    "precision": 0.996742671009772,
    "recall": 0.09970674486803519,
    "f1": 0.18127962085308058,
    "fpr": 0.00980392156862745,
    "tpr": 0.09970674486803519,
    "auroc": 0.8968783342597385,
    "auroc_inverted": 0.10312166574026156
  }
}